ImageLine     https://image-line.com
JRiggles     https://lospec.com/jriggles
Toby_Yasha     https://lospec.com/tobyyasha
Isa     https://lospec.com/isas-studio
Toby_Yasha     https://lospec.com/tobyyasha
Toby_Yasha     https://lospec.com/tobyyasha
Noah Rowlands     https://lospec.com/noah-rowlands1
Toby_Yasha     https://lospec.com/tobyyasha
Northernite     https://lospec.com/northernite
Toby_Yasha     https://lospec.com/tobyyasha
Toby_Yasha     https://lospec.com/tobyyasha
collyflower05     https://lospec.com/collyflower05
Toby_Yasha     https://lospec.com/tobyyasha
Lim95     https://lospec.com/lim95
Gabizu46512     https://lospec.com/gabz
Toby_Yasha     https://lospec.com/tobyyasham
polyphrog     https://lospec.com/poly-phrog
Toby_Yasha     https://lospec.com/tobyyasha
Toby_Yasha     https://lospec.com/tobyyasha
ANoob     https://lospec.com/anoob
Cuymacu     https://lospec.com/cuymacu
graph100     https://lospec.com/graph100
Toby_Yasha     https://lospec.com/tobyyasha
Sombodey     https://lospec.com/somebodey
Skiller Thomson     https://lospec.com/thest1076
Sprog     https://lospec.com/sprogspalettelogs
Skiller Thomson     https://lospec.com/thest1076
Toby_Yasha     https://lospec.com/tobyyasha
Toby_Yasha     https://lospec.com/tobyyasha
Toby_Yasha     https://lospec.com/tobyyasha
Toby_Yasha     https://lospec.com/tobyyasha
plenesan     https://lospec.com/plenesan
Toby_Yasha     https://lospec.com/tobyyasha
RuziKB¹     https://lospec.com/theruzikb-lospec
Buzzoopa     https://lospec.com/buzzoopa
Adigun A. Polack     https://lospec.com/adigunpolack
le     https://lospec.com/le
MFauzan     https://lospec.com/mfauzan
Anaday     https://lospec.com/anadayloft
bobthebest 1     https://lospec.com/bobthebest-1
Toby_Yasha     https://lospec.com/tobyyasha
BlackedIRL     https://lospec.com/blkirl
Malo     https://lospec.com/malo
Malo     https://lospec.com/malo
SoundsDotZip     https://lospec.com/soundsdotzip
-CodingIsFun-     https://lospec.com/codingisfun
Eclipse89     https://lospec.com/eclipse89
musthbly     https://lospec.com/musthbly
Gabizu46512     https://lospec.com/gabz
polyphrog     https://lospec.com/poly-phrog
SoundsDotZip     https://lospec.com/soundsdotzip
adamPhoebe     https://lospec.com/adamphoebe
Arisuki     https://lospec.com/arisuki
Blylzz     https://lospec.com/blylzz
Blylzz     https://lospec.com/blylzz
P-Tux7     https://lospec.com/p-tux7
Arcorad     https://lospec.com/arcorad
ANoob     https://lospec.com/anoob
yedamameday     https://lospec.com/yedamameday
Retromantis     https://lospec.com/retromantis
SalamiChild     https://lospec.com/salamichild
ARTBOY     https://lospec.com/emeekae-plummer
King PJ     https://lospec.com/king-pj
Snowy Owl     https://lospec.com/snowy-owl
samuraisucio     https://lospec.com/samuraisucio
RuziKB¹     https://lospec.com/theruzikb-lospec
Zant     https://lospec.com/zant
PH0ENIIX_dev     https://lospec.com/ph0eniix-dev
polyphrog     https://lospec.com/poly-phrog
Poltergasm     https://lospec.com/iampoltergasm
Cuymacu     https://lospec.com/cuymacu
Nanner     https://lospec.com/nanner
NorwegianLasanga     https://lospec.com/norwegianlasanga
polyphrog     https://lospec.com/poly-phrog
Zant Gamer     https://lospec.com/zant-gamer
Fractured Polygon     https://lospec.com/dominic-monn
A.J. Otero     https://lospec.com/aj-otero
A.J. Otero     https://lospec.com/aj-otero
animamoo     https://lospec.com/animamoo
Ádám Szieberth     https://lospec.com/adam-szieberth
Creepy Cute Games     https://lospec.com/erdbeerscherge
Orbitron     https://lospec.com/joseph
Lyn     https://lospec.com/lynwastaken
0x29     https://lospec.com/0x29
makapuf     https://lospec.com/makapuf
A.J. Otero     https://lospec.com/aj-otero
Ádám Szieberth     https://lospec.com/adam-szieberth
Cuymacu     https://lospec.com/cuymacu
Mustard Squid     https://lospec.com/mustard-squid
ARTBOY     https://lospec.com/emeekae-plummer
Yousurname     https://lospec.com/yousurname
Cuymacu     https://lospec.com/cuymacu
lop choco     https://lospec.com/lopchoco
Yousurname     https://lospec.com/yousurname
Jonk Make Game     https://lospec.com/jonk-make-game
Space Sandwich     https://lospec.com/spacesandwich
Cuymacu     https://lospec.com/cuymacu
Yousurname     https://lospec.com/yousurname
Kyubo     https://lospec.com/kyubo
lazerfokus     https://lospec.com/lazerfokus
Eclipse89     https://lospec.com/eclipse89
Eclipse89     https://lospec.com/eclipse89
ASmolPikachu     https://lospec.com/nico1
Xenon54     https://lospec.com/xenon54
A.J. Otero     https://lospec.com/aj-otero
polyphrog     https://lospec.com/poly-phrog
Isa     https://lospec.com/isas-studio
Tellurium _     https://lospec.com/tellurium
A.J. Otero     https://lospec.com/aj-otero
ILTA     https://lospec.com/iltailtailta
A.J. Otero     https://lospec.com/aj-otero
Life Forever Together     https://lospec.com/life-forever-together
Rustocrat     https://lospec.com/rustocrat
polyphrog     https://lospec.com/poly-phrog
BigPotato     https://lospec.com/pixelspud
Orbitron     https://lospec.com/joseph
A.J. Otero     https://lospec.com/aj-otero
A.J. Otero     https://lospec.com/aj-otero
P-Tux7     https://lospec.com/p-tux7
polyphrog     https://lospec.com/poly-phrog
Space Sandwich     https://lospec.com/spacesandwich
Inconsistency     https://lospec.com/inconsistency
RuziKB²     https://lospec.com/theruzikb-altern
Joao Vasconcelos     https://lospec.com/joaovasconcelos
Groxguy     https://lospec.com/groxguy
Eclipse89     https://lospec.com/eclipse89
Christopher     https://lospec.com/cholericnorth
Pepijn Bakker     https://lospec.com/pepijn-bakker
Jayden Irwin     https://lospec.com/jaydenirwin
Nanner     https://lospec.com/nanner
Star     https://lospec.com/starlane
RuziKB²     https://lospec.com/theruzikb-altern
Nyanko Games     https://lospec.com/nyanko-games
Poltergasm     https://lospec.com/iampoltergasm
Cubby Crazes     https://lospec.com/cubby-crazes
Shidoengie     https://lospec.com/shidoengie
Nano     https://lospec.com/nanocarvalho
Kendy205     https://lospec.com/kendy205
orange hair boi     https://lospec.com/orange-hair-boi
retroadamshow     https://lospec.com/retroadamshow
retroadamshow     https://lospec.com/retroadamshow
Richmond Riddle     https://lospec.com/richmondriddle
polyphrog     https://lospec.com/poly-phrog
Quickmarble     https://lospec.com/quickmarble
tjeeper     https://lospec.com/tjeeper
Danilo Recevic     https://lospec.com/danilo-recevic
gavino     https://lospec.com/gavino
Brenyonrambo     https://lospec.com/brenyonrambo
Joao Vasconcelos     https://lospec.com/joaovasconcelos
Punoli     https://lospec.com/punoli
Brain in a Bowl     https://lospec.com/braininabowl
polyphrog     https://lospec.com/poly-phrog
polyphrog     https://lospec.com/poly-phrog
Isa     https://lospec.com/isas-studio
polyphrog     https://lospec.com/poly-phrog
ARTBOY     https://lospec.com/emeekae-plummer
Space Sandwich     https://lospec.com/spacesandwich
Rémy 🍬     https://lospec.com/trasevol-dog
P-Tux7     https://lospec.com/p-tux7
Space Sandwich     https://lospec.com/spacesandwich
polyphrog     https://lospec.com/poly-phrog
Joao Vasconcelos     https://lospec.com/joaovasconcelos
Isa     https://lospec.com/isas-studio
FrostLace     https://lospec.com/frostlace
keidding     https://lospec.com/keidding
P-Tux7     https://lospec.com/p-tux7
Isa     https://lospec.com/isas-studio
Isa     https://lospec.com/isas-studio
ShinyTseul     https://lospec.com/shinytseul
Isa     https://lospec.com/isas-studio
surt     https://lospec.com/surt
Isa     https://lospec.com/isas-studio
Sk3ll Sk3ll     https://lospec.com/sk3ll2
Zackie Photon     https://lospec.com/zackie-photon
Space Sandwich     https://lospec.com/spacesandwich
skeddles     https://lospec.com/skeddles
Space Sandwich     https://lospec.com/spacesandwich
Cheeseismysoul     https://lospec.com/nomz-toes-420
Nanner     https://lospec.com/nanner
ARTBOY     https://lospec.com/emeekae-plummer
Isa     https://lospec.com/isas-studio
Alessio Benvenuto     https://lospec.com/alessio-benvenuto
CalmRadish     https://lospec.com/calmradish
Isa     https://lospec.com/isas-studio
abledbody     https://lospec.com/abledbody
PureAsbestos     https://lospec.com/pureasbestos
Moses Ng     https://lospec.com/moses-ng
Isa     https://lospec.com/isas-studio
CalmRadish     https://lospec.com/calmradish
/dev/urandom     https://lospec.com/devurandom
Frosty Rabbid 🐰     https://lospec.com/frostyrabbid
ZYWUU     https://lospec.com/zywuu
her boulion     https://lospec.com/her-boulion
reins910     https://lospec.com/reins910
BlackedIRL     https://lospec.com/blkirl
P-Tux7     https://lospec.com/p-tux7
Purple Bandit     https://lospec.com/purple-bandit
Colby Boucher     https://lospec.com/colby-boucher
P-Tux7     https://lospec.com/p-tux7 --> PineTreePizza    https://twitter.com/PineTreePizza
ckelsallpxls     https://lospec.com/ckelsallpxls
Gormie     https://lospec.com/gorm
windfallapples (glacier)     https://lospec.com/windfallapples
Ricardo Juchem     https://lospec.com/ricardojuchem
skeddles     https://lospec.com/skeddles
P-Tux7     https://lospec.com/p-tux7
Brain in a Bowl     https://lospec.com/braininabowl
Kalani Peters-White     https://lospec.com/kalani-peters-white
Gormie     https://lospec.com/gorm
Blobo     https://lospec.com/blobo
Murat Öğüt     https://lospec.com/muratogut
Purple Bandit     https://lospec.com/purple-bandit
ckelsallpxls     https://lospec.com/ckelsallpxls
Thorogrimm     https://lospec.com/thorogrimm
Rhoq     https://lospec.com/rhoq
Purple Bandit     https://lospec.com/purple-bandit
VULCAN_WITCH     https://lospec.com/vulcanwitch
Puff     https://lospec.com/puff
Brain in a Bowl     https://lospec.com/braininabowl
Greywyrd     https://lospec.com/greywyrd
Ben James     https://lospec.com/benjames171
P-Tux7     https://lospec.com/p-tux7
P-Tux7     https://lospec.com/p-tux7
P-Tux7     https://lospec.com/p-tux7
P-Tux7     https://lospec.com/p-tux7
P-Tux7     https://lospec.com/p-tux7
P-Tux7     https://lospec.com/p-tux7
PureAsbestos     https://lospec.com/pureasbestos
Rhoq     https://lospec.com/rhoq
JWPH     https://lospec.com/thejwphter88
Sharp X68000     https://en.wikipedia.org/wiki/X68000  -->Ultima VI    
Atari ST     https://en.wikipedia.org/wiki/Atari_ST  -->Ultima VI     
Star     https://lospec.com/starlane
Star     https://lospec.com/starlane
Nauris     https://lospec.com/namatnieks
DragonDePlatino     https://twitter.com/DragonDePlatino
railslave     https://twitter.com/Rail_slave
Smalls     https://twitter.com/Smallpryv
Brettybooop     https://twitter.com/brettybooop
🍍PineappleOnPizza🍍     https://lospec.com/pinetreepizza
🍍PineappleOnPizza🍍     https://lospec.com/pinetreepizza
Vemigvan     https://twitter.com/vemigvan
Slynyrd     https://lospec.com/rayslynyrd
Fusionnist     https://lospec.com/fusionnist
castpixel     https://twitter.com/castpixel
Arne     https://twitter.com/AndroidArts
ENDESGA     https://lospec.com/endesga
ENDESGA     https://lospec.com/endesga
/r/place     https://www.reddit.com/r/place/
Kerrie Lake     https://lospec.com/kerrielake
Kerrie Lake     https://lospec.com/kerrielake
Adigun A. Polack     https://lospec.com/adigunpolack
DimWiddy     https://dimwiddy.portfoliobox.net/
Pepto     http://www.pepto.de/projects/colorvic/
Retrosaur     https://twitter.com/RetrosaurDev
Optimuum     http://alumni.media.mit.edu/~wad/color/palette.html
ENDESGA     https://lospec.com/endesga
Adigun A. Polack     https://lospec.com/adigunpolack
Chip16     https://github.com/chip16/chip16
Naji     http://pixeljoint.com/p/55998.htm?pg=1&sec=yak
pavanz     https://lospec.com/pixeljoint.com/p/45801.htm
Drazile     http://pixeljoint.com/p/47461.htm
[thUg]     https://lospec.com/pixeljoint.com/p/8537.htm
FlyGuy     https://lospec.com/pixeljoint.com/pixelart/111287.htm
Super17     http://pixeljoint.com/p/34932.htm
Night     http://pixeljoint.com/p/26118.htm
Crimso     http://pixeljoint.com/p/38516.htm
DawnBringer     http://pixeljoint.com/p/23821.htm
Arne     http://androidarts.com/palette/16pal.htm
PICO-8     https://www.lexaloffle.com/pico-8.php
Andrew Kensler     http://eastfarthing.com/blog/2016-05-06-palette/
DawnBringer     http://pixeljoint.com/p/23821.htm
GrafxKid     http://grafxkid.tumblr.com/palettes
Thomson M05     https://en.wikipedia.org/wiki/Thomson_MO5
RISC OS     https://en.m.wikipedia.org/wiki/RISC_OS
Macintosh II     https://en.m.wikipedia.org/wiki/Macintosh_II
Microsoft Windows      Use by early versions of windows for UI and icons
Arne Niklas Jansson     http://androidarts.com/palette/16pal.htm
CGA     https://en.wikipedia.org/wiki/Color_Graphics_Adapter
Arne Niklas Jansson  http://androidarts.com/palette/16pal.htm
Arne Niklas Jansson  http://androidarts.com/palette/16pal.htm
Arne Niklas Jansson  http://androidarts.com/palette/16pal.htm
Arne Niklas Jansson  http://androidarts.com/palette/16pal.htm
Arne Niklas Jansson  http://androidarts.com/palette/16pal.htm
skamocore     http://pixeljoint.com/pixels/contact.asp?subject=member&iurl=/p/10442.htm
ENDESGA     https://lospec.com/endesga
C-VIC-20     https://en.wikipedia.org/wiki/Commodore_VIC-20
C64     https://www.wikiwand.com/en/Commodore_64